id,revision,price_usd,number_of_bedrooms,number_of_bathrooms,m2,latitude,longitude
1060013580,9,658000,4,5,488,14.60,-90.54
1100379688,6,89909,2,2,67,14.65,-90.50
1066107562,36,400000,4,6,370,14.61,-90.47
1100380242,6,70505,3,2,80,14.65,-90.46
1100393213,5,38810,10,10,1000,14.59,-90.50
1100393195,5,205000,2,2,100,14.60,-90.50
1100392998,5,107374,2,2,86,14.61,-90.47
1100392784,5,195000,2,2,127,14.59,-90.50
1100392459,6,70530,3,2,84,14.65,-90.47
1100256423,187,295000,2,3,139,14.59,-90.51
1100392404,9,704820,3,4,489,14.60,-90.49
1100392403,9,785720,3,4,455,14.59,-90.52
1100256429,189,195000,3,4,214,14.62,-90.46
1100256430,187,253945,3,3,170,14.59,-90.50
1100392282,7,350000,2,2,158,14.60,-90.50
1100392195,4,103493,5,3,150,14.67,-90.47
1100392093,6,80854,3,3,125,14.61,-90.47
1100391999,9,89922,2,2,69,14.65,-90.50
1100222209,13,1375000,5,7,664,14.61,-90.49
1100000958,16,230000,2,2,115,14.59,-90.49
1100373323,5,420000,3,2,330,14.63,-90.51
1100382744,7,260000,2,2,144,14.60,-90.49
1100120150,10,225000,3,3,230,14.61,-90.47
1100382260,5,375000,3,3,382,14.61,-90.47
1100002332,15,280000,3,3,165,14.63,-90.51
1100215017,10,375000,4,4,415,14.66,-90.50
1059503646,17,525000,3,4,360,14.60,-90.50
1100236898,13,250000,4,3,315,14.61,-90.47
1100215013,19,385000,3,4,300,14.60,-90.49
1100176879,10,210000,2,2,114,14.59,-90.49
1100252464,10,345000,10,3,290,14.63,-90.51
1100391760,7,116769,2,1,50,14.59,-90.50
1100391743,5,80036,1,1,38,14.59,-90.50
1100391724,5,196500,3,2,106,14.61,-90.47
1100391707,5,152000,2,2,79,14.61,-90.47
1100170925,10,199000,2,2,120,14.59,-90.51
1100391699,5,106000,1,1,53,14.61,-90.47
1100391625,9,98331,3,2,63,14.64,-90.50
1061427774,13,109961,3,3,190,14.68,-90.48
1045104526,12,1900,3,3,220,14.60,-90.51
1100373764,7,420000,2,3,239,14.60,-90.51
1059350675,27,1150000,4,5,1000,14.61,-90.47
1100093098,15,129366,4,2,190,14.64,-90.50
1100230747,9,385000,3,2,246,14.59,-90.50
1100391460,5,77194,1,1,42,14.64,-90.51
1100391440,5,116769,2,1,50,14.59,-90.50
1100391430,5,119000,2,2,65,14.60,-90.50
1100391420,5,152000,2,2,79,14.61,-90.47
1100240049,9,1300000,4,5,537,14.59,-90.50
1100391302,5,190000,3,2,157,14.59,-90.50
1100391219,5,145000,3,2,100,14.59,-90.49
1100390953,11,174644,2,2,95,14.61,-90.47
1100390949,11,118000,2,2,71,14.59,-90.51
1100390948,11,161708,10,7,442,14.67,-90.49
1100390928,7,1000000,10,5,663,14.61,-90.52
1100390842,7,148771,3,2,189,14.64,-90.51
1100390708,5,107374,2,2,86,14.63,-90.51
1100390429,6,32342,3,1,120,14.62,-90.53
1048617937,10,260000,4,3,280,14.66,-90.51
1100390322,5,98650,3,2,87,14.67,-90.51
1100377814,5,194049,3,2,175,14.63,-90.51
1100142632,22,76326,3,2,65,14.64,-90.51
1067339222,9,64226,2,2,70,14.64,-90.51
1067102350,8,222000,2,2,91,14.60,-90.53
1100018787,13,210000,2,2,25,14.60,-90.50
1100023112,13,180000,4,3,254,14.60,-90.52
1100023359,13,165000,2,2,75,14.59,-90.50
1100390309,5,94500,2,2,80,14.61,-90.47
1100390304,5,84500,2,2,80,14.61,-90.47
1100252739,9,381324,2,2,176,14.60,-90.50
1014321966,12,157000,1,2,78,14.60,-90.51
1014324725,11,120000,2,2,65,14.59,-90.49
1100390172,7,284605,4,2,204,14.61,-90.52
1100253379,11,380000,4,4,390,14.67,-90.52
1100253502,15,162500,4,3,170,14.68,-90.52
1100013706,17,94360,1,1,59,14.61,-90.47
1100172051,16,395000,3,3,290,14.59,-90.50
1100389974,5,149000,2,2,67,14.62,-90.50
1100389971,5,179500,3,2,89,14.62,-90.50
1068079672,14,385000,3,3,287,14.60,-90.47
1100360989,56,116000,3,2,95,14.61,-90.55
1100385815,5,695000,4,5,651,14.60,-90.50
1100357897,7,129366,4,2,248,14.64,-90.50
1100351368,7,150000,3,1,274,14.63,-90.50
1100389798,5,79547,1,1,37,14.64,-90.51
1100389517,5,365000,3,2,163,14.63,-90.51
1100251951,189,365000,3,4,300,14.61,-90.47
1100251948,190,335000,2,3,290,14.60,-90.49
1100389256,5,340000,3,2,195,14.60,-90.49
1100240586,9,325000,3,3,160,14.59,-90.49
1100389182,4,49159,5,1,72,14.60,-90.51
1059381122,9,290000,2,3,148,14.64,-90.51
1067673089,9,780000,3,4,255,14.64,-90.51
1065816340,9,245000,3,3,225,14.64,-90.51
1056927048,9,220000,2,3,120,14.64,-90.51
1100388915,5,349760,3,2,188,14.60,-90.50
1100388753,5,215000,3,2,250,14.59,-90.50
1100184913,10,1300000,3,4,597,14.59,-90.50
1100388176,5,1200000,4,3,363,14.59,-90.50
1100248646,193,145000,4,4,200,14.64,-90.51
1100184290,251,172564,2,2,77,14.61,-90.47
1100234405,7,113195,3,2,158,14.63,-90.51
1100269562,6,315000,4,5,300,14.59,-90.52
1100271312,9,122000,3,1,125,14.64,-90.55
1100387777,7,210000,2,2,115,14.60,-90.49
1100387776,7,235000,3,2,189,14.61,-90.52
1100241594,44,550000,4,5,487,14.61,-90.47
1100387685,29,165000,3,5,250,14.61,-90.47
1100387541,5,89909,2,2,67,14.63,-90.51
1100387492,4,109961,3,3,250,14.63,-90.52
1100387472,5,122898,3,2,200,14.63,-90.55
1100387439,5,122898,3,1,200,14.63,-90.55
1100387252,4,295000,4,3,285,14.61,-90.48
1100387219,5,330000,4,3,258,14.59,-90.50
1100387198,5,220000,3,2,286,14.61,-90.47
1062160606,14,650000,3,3,640,14.59,-90.49
1065280205,15,239000,2,2,100,14.60,-90.51
1100198710,10,240000,3,2,174,14.59,-90.52
1100241764,13,205000,1,2,107,14.60,-90.50
1100386969,14,116429,3,2,90,14.63,-90.51
1100380046,6,83972,3,2,63,14.65,-90.50
1100325943,5,200000,3,3,225,14.63,-90.51
1100197279,15,240000,2,3,145,14.60,-90.49
1100358361,7,250000,3,2,270,14.60,-90.50
1100121587,12,122898,3,3,90,14.59,-90.50
1100386494,5,215000,4,4,200,14.66,-90.54
1051763660,14,189000,3,4,180,14.60,-90.50
1100386257,5,186934,3,4,221,14.60,-90.52
1055401000,15,89263,2,1,100,14.68,-90.50
1100244745,197,275000,3,3,230,14.62,-90.47
1100385824,12,280000,3,3,204,14.62,-90.52
1100385778,7,199000,2,2,119,14.60,-90.50
1100385641,5,220000,3,2,286,14.61,-90.48
1100385616,6,260000,3,2,240,14.62,-90.47
1100385609,5,285000,3,2,202,14.60,-90.50
1100385533,13,150000,4,6,220,14.67,-90.50
1100225420,7,248000,3,3,310,14.60,-90.52
1100385409,4,180000,2,3,145],14.63,-90.49
1100385167,37,113195,4,4,170,14.61,-90.47
1100385109,7,4105000,0,4,2607,14.60,-90.50
1100195432,10,220000,2,2,110,14.61,-90.49
1100352494,7,165000,2,1,110,14.60,-90.51
1100146044,278,150715,2,3,105,14.60,-90.48
1100382275,5,220000,3,2,180,14.61,-90.47
1100384876,6,110000,3,4,247,14.62,-90.53
1100384831,7,435000,3,4,300,14.60,-90.50
1100384761,5,250000,3,2,485,14.61,-90.47
1100384748,5,780000,4,4,510,14.60,-90.52
1100384708,5,219223,3,2,109,14.60,-90.50
1100384680,8,58215,3,1,108,14.63,-90.55
1100241447,15,116429,4,2,180,14.64,-90.51
1023944274,9,214236,2,2,74,14.59,-90.50
1029720345,11,675000,3,2,290,14.61,-90.47
1030164820,9,214236,2,2,74,14.59,-90.50
1100242104,11,375000,4,4,382,14.62,-90.47
1100383931,5,125000,2,2,73,14.61,-90.48
1100383708,4,1035,3,5,200,14.60,-90.49
1063952704,20,850000,4,6,590,14.60,-90.54
1100383644,5,400000,3,2,469,14.64,-90.51
1100383574,9,450000,3,4,300,14.61,-90.47
1063213805,12,100259,5,2,250,14.62,-90.50
1100033940,12,590000,3,4,252,14.59,-90.49
1100206002,36,100259,5,3,180,14.67,-90.49
1100374205,5,355000,3,2,302,14.63,-90.51
1100383490,5,200517,4,5,230,14.61,-90.47
1100383422,5,27167,3,1,70,14.67,-90.51
1034936433,9,304010,4,3,351,14.65,-90.54
1039739280,7,214236,2,2,74,14.59,-90.50
1100383330,5,216416,3,2,147,14.59,-90.50
1100383324,5,156572,2,2,107,14.59,-90.50
1041067126,9,650000,4,2,487,14.60,-90.52
1041073583,9,260000,4,3,254,14.61,-90.47
1041192203,9,171963,1,1,79,14.59,-90.50
1041192824,9,207562,2,2,79,14.59,-90.50
1041193829,9,207562,3,2,114,14.59,-90.50
1041622387,9,435000,5,3,640,14.64,-90.51
1041622878,9,223157,4,5,385,14.64,-90.51
1041625412,9,713195,10,3,778,14.64,-90.51
1100383223,12,113195,3,4,250,14.61,-90.47
1100240103,9,249700,2,1,189,14.61,-90.52
1009069375,11,190000,2,3,120,14.64,-90.51
1100066928,13,76326,2,2,65,14.65,-90.51
1100361557,6,58215,3,3,150,14.65,-90.48
1100371698,6,174000,1,2,116,14.59,-90.49
1100383118,5,799000,3,3,400,14.59,-90.50
1100382952,4,145000,3,2,150,14.62,-90.47
1100239586,11,230000,3,3,200,14.61,-90.47
1100382773,7,118362,2,1,85,14.66,-90.50
1100239602,205,140000,3,1,98,14.61,-90.47
1042041556,9,1500000,4,4,600,14.60,-90.52
1042162448,9,260000,3,1,254,14.61,-90.47
1065275117,14,235000,2,2,193,14.59,-90.50
1065401910,13,226391,10,5,280,14.62,-90.55
1042481609,9,253000,3,3,25,14.60,-90.52
1100382387,5,319000,3,2,160,14.60,-90.50
1042483996,9,315000,3,2,340,14.60,-90.52
1042603200,9,150000,3,2,220,14.60,-90.52
1042603854,12,165000,3,3,261,14.60,-90.52
1042606964,9,104787,3,2,72,14.65,-90.54
1100382186,8,3234,1,1,25,14.64,-90.51
1100337515,25,80854,1,2,52,14.67,-90.51
1100378230,5,179000,2,2,78,14.63,-90.51
1100371195,7,365000,2,3,133,14.59,-90.49
1063946002,8,720000,4,6,480,14.60,-90.54
1042737311,9,425000,4,2,389,14.66,-90.51
1042855225,9,295000,4,4,293,14.61,-90.47
1100228475,10,126132,3,2,180,14.63,-90.51
1100229909,10,270000,5,4,240,14.63,-90.51
1100232631,11,100000,3,2,200,14.63,-90.51
1100382142,5,172274,2,2,123,14.60,-90.50
1100382130,5,171963,1,1,82,14.59,-90.50
1100238189,9,170000,3,2,280,14.60,-90.52
1100238418,9,275000,2,2,185,14.59,-90.50
1100238631,9,259000,2,1,98,14.60,-90.50
1063954606,23,535000,3,5,395,14.61,-90.52
1100381467,5,118362,2,1,85,14.67,-90.51
1100381399,5,275000,3,4,210,14.61,-90.48
1100381253,27,465718,3,4,390,14.61,-90.47
1100237349,207,300000,1,2,202,14.61,-90.49
1100237338,197,169000,2,2,100,14.60,-90.49
1050304199,8,270000,2,3,195,14.59,-90.51
1100358584,11,450000,3,5,296,14.60,-90.50
1100169879,260,1100000,8,6,625,14.64,-90.51
1100371179,9,418700,3,4,321,14.61,-90.47
1100381231,7,144500,3,2,118,14.61,-90.47
1100381228,7,395000,4,5,330,14.61,-90.52
1100204983,9,125000,2,1,85,14.61,-90.47
1100232483,10,194049,3,3,500,14.64,-90.46
1100232418,9,1800000,10,10,1000,14.61,-90.49
1063275240,7,75000,0,1,46,14.64,-90.51
1042975335,9,475000,3,2,25,14.61,-90.47
1043269491,8,679,1,1,55,14.60,-90.50
1043415082,9,190000,2,2,99,14.60,-90.50
1043654070,9,280000,3,2,210,14.60,-90.50
1100380747,5,350000,3,3,25,14.60,-90.50
1043751531,9,975000,2,3,460,14.61,-90.47
1043754464,9,94500,3,2,98,14.60,-90.52
1043755224,9,295000,3,2,206,14.61,-90.47
1100380677,5,119497,1,2,45,14.62,-90.52
1044102260,9,165000,2,3,119,14.61,-90.47
1100361234,5,109961,4,3,192,14.63,-90.51
1100199167,9,76326,1,1,39,14.63,-90.51
1100044056,15,254900,3,2,189,14.63,-90.51
1100319647,9,395000,2,3,180,14.63,-90.51
1044103119,9,125000,2,2,78,14.61,-90.47
1044106845,9,850000,4,2,1332,14.60,-90.52
1044210375,9,370000,4,2,615,14.60,-90.52
1044213742,9,340000,4,4,350,14.60,-90.52
1044723847,9,150000,3,2,250,14.60,-90.52
1044725837,9,850000,2,1,419,14.59,-90.50
1059004492,12,210000,2,2,113,14.60,-90.50
1066294385,15,172057,3,1,194,14.61,-90.47
1100228978,9,350000,2,2,123,14.60,-90.50
1100380469,8,198200,4,5,230,14.62,-90.47
1100380377,5,70517,3,2,78,14.65,-90.46
1100236556,9,300000,3,2,99,14.60,-90.50
1100380327,5,155239,4,3,206,14.63,-90.50
1100229263,10,250000,3,3,116,14.59,-90.51
1100380215,5,70505,3,2,82,14.65,-90.46
1100379949,5,240000,3,2,207,14.61,-90.55
1100379131,5,283764,3,2,209,14.59,-90.50
1066379646,14,950000,4,4,800,14.64,-90.51
1100291315,7,187000,2,2,70,14.59,-90.50
1100372394,7,215000,3,3,150,14.61,-90.47
1100379906,6,89909,2,2,65,14.65,-90.50
1100236561,116,275000,4,4,250,14.62,-90.47
1064006999,22,675000,4,5,463,14.60,-90.54
1100379667,6,89922,3,2,65,14.65,-90.50
1100379612,6,98318,3,2,66,14.64,-90.50
1100379608,11,87322,3,2,70,14.64,-90.50
1100234155,211,141224,2,3,108,14.59,-90.50
1100234152,209,227038,4,5,300,14.61,-90.47
1100233800,206,172274,2,3,123,14.60,-90.49
1100218282,20,297542,5,2,335,14.64,-90.51
1058368125,9,87322,3,2,70,14.64,-90.50
1100379272,4,350000,4,4,289,14.60,-90.49
1100379078,5,276150,3,1,252,14.59,-90.50
1100379071,5,175000,2,1,99,14.59,-90.50
1100379066,5,157700,1,1,64,14.59,-90.50
1100379061,5,148000,1,1,64,14.59,-90.50
1100063698,18,225000,4,3,250,14.63,-90.51
1100373386,6,32342,2,1,58,14.63,-90.51
1008872613,19,695000,5,5,707,14.64,-90.51
1049534646,12,148771,5,4,150,14.67,-90.50
1100379058,5,371735,2,2,279,14.59,-90.50
1100379045,5,285910,2,2,196,14.59,-90.50
1100190311,28,510000,0,8,1000,14.64,-90.52
1062395010,13,1200000,5,5,1550,14.61,-90.50
1100378936,5,120000,2,1,120,14.63,-90.51
1100378855,5,190000,3,2,225,14.59,-90.49
1100378725,11,12937,3,3,100,14.63,-90.51
1100378260,5,144000,2,2,118,14.62,-90.46
1100231467,210,97025,3,2,84,14.66,-90.55
1100231460,212,252093,3,3,189,14.60,-90.49
1100231184,207,81000,1,1,41,14.59,-90.49
1100231387,207,64683,3,2,120,14.63,-90.52
1100377842,5,220000,3,3,220,14.63,-90.51
1067306574,9,635000,5,5,475,14.61,-90.47
1100377479,5,187581,3,2,225,14.63,-90.51
1064890652,13,109961,3,3,125,14.63,-90.51
1100309484,7,150000,3,2,96,14.64,-90.54
1100354378,9,410000,4,4,380,14.66,-90.50
1100237344,206,165589,2,2,195,14.60,-90.49
1060012613,8,295000,3,4,214,14.60,-90.54
1100206391,11,210000,2,2,165,14.60,-90.50
1100224044,14,358330,4,4,299,14.61,-90.47
1059623368,6,76326,3,2,64,14.64,-90.54
1100142873,27,107000,1,2,72,14.59,-90.51
1100377328,5,236250,2,1,192,14.59,-90.50
1100377323,5,85400,2,2,80,14.61,-90.47
1100376868,5,490000,5,5,489,14.66,-90.54
1100376688,5,110000,2,1,80,14.60,-90.50
1064959458,18,410000,5,5,410,14.60,-90.49
1100376248,5,165000,4,2,288,14.60,-90.52
1100375962,5,190000,3,2,170,14.60,-90.49
1100375802,7,612000,2,3,300,14.64,-90.53
1100375793,5,165000,4,3,207,14.64,-90.53
1100375644,35,475000,2,3,248,14.60,-90.50
1100375641,36,687300,3,4,408,14.61,-90.49
1100375640,35,199000,2,2,139,14.60,-90.51
1100313540,6,97206,3,2,70,14.64,-90.50
1100258525,5,1700000,6,5,705,14.61,-90.47
1100141893,13,98318,3,2,63,14.64,-90.50
1100307656,6,173480,4,4,338,14.61,-90.47
1100375638,36,668000,3,4,402,14.61,-90.48
1057444384,27,323415,3,4,200,14.64,-90.51
1100375287,9,415000,3,4,385,14.61,-90.47
1100153294,9,90556,3,1,120,14.64,-90.51
1100199646,7,155000,3,3,155,14.63,-90.50
1100374980,5,97025,3,2,166,14.63,-90.51
1100374940,5,206986,10,4,200,14.63,-90.51
1100374463,6,330000,3,3,255,14.59,-90.50
1044844541,9,263000,3,2,120,14.61,-90.47
1045090020,9,350000,4,3,25,14.60,-90.52
1045090493,9,116429,3,2,150,14.60,-90.52
1045093019,9,330000,3,2,325,14.60,-90.52
1045112739,9,348384,2,2,206,14.60,-90.50
1045114174,9,414544,3,2,208,14.60,-90.50
1045221839,9,979700,4,4,588,14.60,-90.50
1045223186,9,900000,3,2,351,14.59,-90.50
1100162403,10,165000,3,2,250,14.61,-90.47
1100343791,74,122734,3,2,65,14.62,-90.52
1100374004,5,336000,4,2,176,14.60,-90.49
1100256646,5,187581,3,2,223,14.63,-90.51
1100167919,13,975000,4,4,457,14.63,-90.51
1100374351,5,890000,4,3,590,14.63,-90.51
1045488054,9,230000,4,2,300,14.60,-90.52
1100374296,5,210000,3,2,233,14.63,-90.51
1100374273,5,340000,4,3,349,14.63,-90.51
1100223065,11,258732,3,2,25,14.61,-90.47
1100374251,5,225000,3,2,194,14.60,-90.49
1100374240,5,215000,3,2,300,14.63,-90.51
1100216158,9,413000,4,3,375,14.61,-90.47
1100162466,10,365000,3,2,240,14.63,-90.51
1100198177,10,250000,3,2,306,14.63,-90.51
1100374218,5,420000,4,3,260,14.63,-90.51
1100374008,5,105000,3,1,73,14.61,-90.47
1100373980,4,109961,3,2,200,14.64,-90.49
1100373873,4,181113,3,3,105,14.61,-90.48
1100222475,220,185000,2,2,119,14.59,-90.50
1100371250,6,150715,2,3,80,14.61,-90.48
1100040373,7,181113,3,3,174,14.67,-90.51
1100354127,10,142000,2,2,105,14.61,-90.51
1100367669,5,113454,3,2,65,14.61,-90.55
1100373767,7,495000,3,6,416,14.60,-90.49
1100373544,5,600000,4,2,350,14.61,-90.47
1100373519,5,215000,3,2,250,14.61,-90.47
1100373502,5,235000,3,2,130,14.60,-90.50
1100373493,4,145000,0,1,65,14.59,-90.51
1100373467,5,79560,3,2,118,14.63,-90.51
1100373450,5,350000,2,2,150,14.63,-90.51
1100373436,5,175000,3,2,150,14.63,-90.51
1066583745,13,245000,3,3,122,14.64,-90.51
1100156448,15,129366,4,2,247,14.64,-90.50
1100373413,5,260000,2,2,220,14.63,-90.51
1100216064,15,242561,7,3,180,14.64,-90.51
1100373402,5,38163,3,1,48,14.63,-90.51
1100373381,5,90000,3,2,80,14.63,-90.51
1045634091,9,134731,3,2,96,14.61,-90.47
1100373376,5,82000,1,1,68,14.63,-90.51
1100354023,5,107374,2,2,86,14.63,-90.51
1100366321,5,187581,4,3,347,14.62,-90.49
1100368527,7,280000,3,3,206,14.61,-90.47
1100352281,4,215000,3,3,180,14.61,-90.47
1100197917,11,136000,2,2,84,14.63,-90.51
1100154717,10,150000,2,2,90],14.62,-90.48
1100154737,11,600000,4,3,250,14.61,-90.47
1047158285,9,900000,2,1,977,14.62,-90.52
1100162364,10,400000,3,2,300,14.61,-90.47
1048041422,7,400000,0,3,335,14.61,-90.47
1047819336,11,122666,1,1,47,14.61,-90.47
1100171547,10,310000,4,4,274,14.61,-90.51
1049280323,7,250000,2,2,200,14.60,-90.52
1049278633,7,157000,3,2,98,14.61,-90.47
1049274050,7,239000,2,2,110,14.60,-90.50
1050192322,9,122898,2,2,208,14.65,-90.54
1053914401,9,310000,3,2,310,14.60,-90.52
1055220278,9,250000,4,3,25,14.60,-90.52
1055227976,9,510000,5,3,450,14.61,-90.47
1055269247,9,248704,2,1,95,14.59,-90.50
1100020514,12,38810,2,1,50,14.64,-90.51
1100120632,13,250000,3,4,300,14.63,-90.51
1100371137,7,1250000,4,4,525,14.61,-90.48
1100222064,5,124000,2,1,85,14.61,-90.47
1055641543,11,550000,4,2,465,14.60,-90.52
1055641946,9,80000,1,1,68,14.65,-90.54
1055757435,9,265000,4,3,350,14.60,-90.52
1055948474,9,128719,3,3,100,14.65,-90.54
1056356037,9,335000,3,2,340,14.60,-90.52
1056356881,9,860000,5,3,250,14.60,-90.50
1059641476,9,197000,3,3,244,14.61,-90.47
1060072681,9,194049,4,4,480,14.66,-90.51
1062726415,13,490000,4,3,400,14.61,-90.47
1100187595,15,185000,3,2,212,14.61,-90.47
1063962761,9,388098,1,2,527,14.61,-90.52
1066982548,9,650000,3,3,283,14.61,-90.47
1066986800,9,185000,4,1,250,14.66,-90.51
1067071015,9,220000,4,2,260,14.61,-90.47
1067097109,9,90556,3,2,25,14.65,-90.54
1067359136,9,239913,2,1,105,14.60,-90.50
1100241596,5,144373,3,3,114,14.61,-90.50
1100156402,15,270000,4,4,246,14.66,-90.54
1100272095,5,475000,3,4,322,14.59,-90.52
1100371137,7,1250000,4,4,525,14.61,-90.48
1100187595,15,185000,3,2,212,14.61,-90.47
1063962761,9,388098,1,2,527,14.61,-90.52
1066982548,9,650000,3,3,283,14.61,-90.47
1066986800,9,185000,4,1,250,14.66,-90.51
1067071015,9,220000,4,2,260,14.61,-90.47
1067097109,9,90556,3,2,25,14.65,-90.54
1067359136,9,239913,2,1,105,14.60,-90.50
1067617932,9,175000,3,2,25,14.59,-90.50
1067632915,9,110000,1,1,65,14.60,-90.52
1067803568,9,285000,3,2,2150,14.60,-90.52
1067819977,9,350000,4,4,25,14.60,-90.52
1100204434,9,285000,4,2,301,14.60,-90.52
1100208394,9,200000,6,6,350,14.60,-90.52
1100204682,9,118538,4,3,244,14.60,-90.52
1100373025,5,67917,4,1,247,14.64,-90.54
1100208635,9,250000,3,3,250,14.61,-90.47
1100323496,6,55000,3,3,120,14.63,-90.51
1100271945,7,275000,3,3,212,14.61,-90.47
1100120632,13,250000,3,4,300,14.63,-90.51
1100050564,17,155239,3,2,138,14.66,-90.51
1100208543,9,215000,2,3,25,14.62,-90.52
1100217768,9,535000,3,2,388,14.59,-90.50
1100373019,5,64649,1,1,37,14.62,-90.50
1100373008,4,3234,2,2,600,14.59,-90.49
1100372932,9,178000,1,1,116,14.60,-90.49
1100372679,11,600000,10,10,1421,14.64,-90.51
1100372411,43,128753,2,1,89,14.61,-90.47
1100372410,41,105370,2,1,70,14.64,-90.51
1100372409,42,125150,2,1,107,14.61,-90.47
1100372406,41,97045,2,1,65,14.64,-90.51
1100138497,23,96000,2,1,45,14.63,-90.50
1100372394,7,215000,3,3,150,14.61,-90.47
1100372255,6,161708,3,2,216,14.61,-90.47
1100372225,5,289000,3,3,176,14.63,-90.51
1064560189,13,452781,5,4,1235,14.64,-90.51
1100218150,9,550000,4,5,450,14.63,-90.51
1100371176,11,690000,3,4,397,14.59,-90.49
1100358361,7,250000,3,2,270,14.60,-90.50
1067273023,9,375500,3,3,250,14.63,-90.51
1100364941,5,148771,3,2,185,14.61,-90.47
1066216011,9,680000,3,4,320,14.64,-90.51
1061339795,9,157000,2,2,95,14.62,-90.48
1055623259,13,149000,1,2,79,14.64,-90.51
1100372100,37,168831,3,2,120,14.61,-90.50
1100371698,6,174000,1,2,116,14.59,-90.49
1100371282,16,23286,1,1,60,14.64,-90.54
1100371250,6,150715,2,3,80,14.61,-90.48
1100371219,6,445819,3,4,246,14.62,-90.48
1100371217,6,278000,2,3,154,14.59,-90.50
1100371208,6,420000,2,3,211,14.60,-90.51
1100371204,6,432100,2,3,163,14.59,-90.49
1100371201,6,275000,3,3,340,14.61,-90.48
1100371200,8,790000,4,5,588,14.61,-90.47
1100371195,7,365000,2,3,133,14.59,-90.49
1100371179,9,418700,3,4,321,14.61,-90.47
1100371175,7,548500,3,4,203,14.63,-90.51
1049534646,12,148771,5,4,150,14.67,-90.50
1100280216,5,160000,2,2,103,14.61,-90.51
1100265094,6,200517,4,5,233,14.61,-90.47
1100158512,8,520000,3,5,240,14.61,-90.49
1100371171,7,358200,2,3,145,14.59,-90.49
1100371169,7,350000,3,3,25,14.63,-90.51
1100371164,9,272239,3,4,124,14.59,-90.49
1100371159,7,411800,3,3,207,14.60,-90.51
1100371157,7,1200000,4,3,594,14.61,-90.48
1100371156,7,840000,3,2,450,14.62,-90.48
1100371152,7,210000,2,2,121,14.59,-90.49
1100371147,7,625000,3,4,308,14.63,-90.51
1100371139,7,3000000,4,4,1035],14.61,-90.47
1100371132,8,540000,2,2,218,14.62,-90.48
1100371124,7,373000,3,4,283,14.61,-90.48
1100371099,7,472000,2,3,212,14.62,-90.48
1100371037,7,200517,4,5,230,14.62,-90.47
1100370885,5,194049,3,2,250,14.61,-90.47
1100370873,5,450000,3,3,372,14.61,-90.47
1100370813,5,1500000,3,4,687,14.63,-90.51
1100198642,7,750000,4,4,366,14.59,-90.51
1100367455,5,420440,5,4,515,14.67,-90.51
1100242515,10,225000,2,2,100,14.60,-90.51
1100361234,5,109961,4,3,192,14.63,-90.51
1100370438,43,420000,2,3,239,14.60,-90.50
1100212641,237,385000,3,2,268,14.60,-90.49
1100370154,4,1164295,10,10,1844,14.64,-90.54
1100369912,5,145000,2,2,93,14.61,-90.47
1100369867,5,210000,3,3,175,14.59,-90.49
1100369807,5,260000,3,3,227,14.59,-90.52
1100369716,5,298000,4,2,176,14.64,-90.55
1100204237,16,143789,1,2,64,14.59,-90.51
1100369268,5,206986,3,3,250,14.64,-90.53
1100368550,45,174644,6,3,190,14.65,-90.51
1100368545,45,173480,4,3,338,14.61,-90.47
1100368544,45,300000,3,3,254,14.60,-90.49
1100368538,7,269600,3,3,208,14.61,-90.47
1100368527,7,280000,3,3,206,14.61,-90.47
1100213301,14,230000,3,3,225,14.60,-90.52
1100207043,7,130660,3,3,200,14.61,-90.47
1050304199,8,270000,2,3,195,14.59,-90.51
1100077095,10,225000,3,3,243,14.61,-90.47
1061943913,11,152000,2,2,125,14.64,-90.51
1100366339,7,115783,3,2,92,14.64,-90.47
1100367853,6,150000,4,6,220,14.67,-90.50
1100197911,15,110608,3,2,160,14.63,-90.51
1100367669,5,113454,3,2,65,14.61,-90.55
1100367576,11,126132,6,4,250,14.64,-90.50
1100367508,5,320000,2,2,197,14.60,-90.49
1100367496,5,210000,2,2,121,14.60,-90.49
1100367222,5,190000,3,2,111,14.59,-90.49
1100367025,5,275000,3,2,300,14.61,-90.47
1100366989,5,210000,4,3,194,14.61,-90.47
1100366981,5,274000,3,2,277,14.61,-90.47
1100366972,5,185000,3,2,167,14.61,-90.47
1100366502,5,195000,2,2,129,14.59,-90.50
1100366321,5,187581,4,3,347,14.62,-90.49
1100365019,5,395000,3,3,372,14.61,-90.47
1100364573,51,237000,2,2,138,14.60,-90.51
1100205484,253,57960,1,1,44,14.60,-90.49
1100355384,8,1350000,3,4,600,14.60,-90.49
1100342035,5,520001,3,4,240,14.61,-90.49
1100065122,13,187581,5,4,280,14.61,-90.48
1100049012,16,199000,3,3,166,14.63,-90.51
1100205485,235,44720,1,1,25,14.60,-90.49
1100205495,252,148495,2,2,104,14.61,-90.47
1100205490,251,197308,3,2,131,14.61,-90.47
1100205499,249,167633,3,2,131,14.61,-90.47
1100205487,235,45969,1,1,25,14.60,-90.49
1100205492,254,101551,1,1,65,14.61,-90.47
1100205497,254,103868,1,1,65,14.61,-90.47
1100205494,250,192674,3,2,131,14.61,-90.47
1100205496,253,270000,3,3,237,14.61,-90.47
1100364512,5,239000,3,2,120,14.59,-90.50
1008755220,18,1000000,5,5,360,14.63,-90.51
1100228820,32,491591,10,6,300,14.62,-90.50
1100364188,4,90556,3,3,120,14.61,-90.47
1100364135,20,7179,3,2,72,14.64,-90.54
1100364071,5,125150,2,1,65,14.61,-90.47
1100363530,8,32342,3,1,144,14.64,-90.51
1008872613,19,695000,5,5,707,14.64,-90.51
1100318714,19,162500,2,2,75,14.59,-90.51
1100141919,13,117111,1,1,46,14.63,-90.51
1100151055,16,168000,3,2,93,14.61,-90.52
1100152463,9,260000,2,2,138,14.59,-90.50
1100363262,5,174644,4,3,200,14.62,-90.47
1100203347,235,245000,4,4,242,14.61,-90.47
1100203357,236,435000,4,5,300,14.60,-90.49
1100040373,7,181113,3,3,174,14.67,-90.51
1100362179,5,129366,3,2,90,14.63,-90.51
1100361929,5,175000,3,2,103,14.61,-90.47
1100361835,7,185000,3,2,212,14.64,-90.47
1100361826,5,388098,10,6,450,14.64,-90.51
1100361732,5,452781,3,1,457,14.65,-90.54
1100361719,6,257439,4,5,270,14.60,-90.52
1100361557,6,58215,3,3,150,14.65,-90.48
1100361278,5,250000,2,3,130,14.63,-90.51
1100201975,11,156500,1,2,63,14.59,-90.50
1100195383,9,350000,3,4,192,14.60,-90.51
1100194573,14,250000,3,3,116,14.59,-90.51
1100297418,5,175000,3,3,125,14.61,-90.47
1100291062,13,150000,2,2,75,14.60,-90.51
1100065610,15,150000,3,2,138,14.63,-90.51
1100151802,15,190000,3,3,252,14.63,-90.51
1100360993,55,291491,3,2,143,14.61,-90.48
1100360991,55,398000,3,4,281,14.62,-90.50
1100145108,278,199500,2,3,144,14.60,-90.49
1100200673,237,425000,3,5,255,14.60,-90.49
1100149042,335,198000,3,3,238,14.64,-90.51
1100186373,289,142637,1,1,72,14.59,-90.51
1100148791,341,130389,3,2,101,14.65,-90.54
1100148984,338,111294,3,2,66,14.64,-90.50
1100148622,338,109961,3,3,134,14.65,-90.46
1100148405,341,150000,3,3,183,14.63,-90.54
1100360989,56,116000,3,2,95,14.61,-90.55
1100360863,5,789000,3,3,475,14.63,-90.51
1100160543,11,325000,4,4,246,14.66,-90.54
1100195432,10,220000,2,2,110,14.61,-90.49
1100360277,4,258732,4,2,120,14.63,-90.50
1100360266,5,116429,4,3,25,14.63,-90.53
1100309483,7,388500,3,4,170,14.60,-90.51
1100145931,274,86260,1,1,59,14.64,-90.51
1066379646,14,950000,4,4,800,14.64,-90.51
1100120105,9,310000,2,2,220,14.59,-90.50
1100360123,5,260000,4,3,390,14.60,-90.52
1100168104,12,350000,3,3,179,14.60,-90.51
1100198570,9,489000,3,3,243,14.59,-90.49
1100180766,9,1200000,4,5,693,14.61,-90.47
1100180782,17,1000000,4,5,425,14.61,-90.47
1100359549,9,58862,2,1,70,14.63,-90.51
1100359286,57,331350,6,6,278,14.61,-90.55
1100197813,240,425000,4,5,255,14.59,-90.49
1100359261,7,699000,6,8,850,14.61,-90.47
1100358975,9,550000,4,5,410,14.61,-90.47
1057717429,13,139069,3,2,172,14.65,-90.54
1100195859,11,345000,3,3,193,14.61,-90.50
1100358834,5,120000,3,2,124,14.61,-90.47
1100358798,5,420000,3,2,300,14.60,-90.50
1100358703,9,199500,3,2,170,14.61,-90.47
1100358700,7,199500,3,2,144,14.61,-90.47
1100066928,13,76326,2,2,65,14.65,-90.51
1100293842,8,99547,2,2,58,14.62,-90.53
1063941030,9,610000,5,5,580,14.60,-90.51
1100354023,5,107374,2,2,86,14.63,-90.51
1100143716,35,320181,9,3,626,14.61,-90.52
1067704060,22,130000,3,4,178,14.63,-90.51
1100358584,11,450000,3,5,296,14.60,-90.50
1100358194,5,475000,4,4,492,14.61,-90.47
1100358141,5,950000,4,4,447,14.60,-90.49
1100134462,14,179000,3,3,180,14.63,-90.51
1100358073,5,217335,2,2,116,14.64,-90.54
1067339222,9,64226,2,2,70,14.64,-90.51
1100357953,5,185000,5,3,200,14.64,-90.51
1100357899,7,230000,2,3,194,14.64,-90.53
1100357897,7,129366,4,2,248,14.64,-90.50
1100357842,5,130000,2,1,82,14.61,-90.47
1100357829,5,210000,3,2,115,14.61,-90.47
1100357822,5,190000,2,2,111,14.60,-90.49
1100357811,5,240000,2,2,113,14.60,-90.49
1100357792,5,270000,3,2,136,14.60,-90.49
1062125419,15,240000,3,3,248,14.59,-90.49
1100101062,13,150000,3,3,163,14.64,-90.56
1100320986,23,49159,3,2,75,14.61,-90.47
1100307656,6,173480,4,4,338,14.61,-90.47
1100357787,5,150000,3,2,114,14.60,-90.49
1100357780,5,550000,3,2,252,14.60,-90.49
1100357772,5,240000,2,2,110,14.60,-90.49
1100357756,5,140000,1,1,55,14.60,-90.49
1100357746,5,270000,5,3,452,14.63,-90.51
1100357684,5,199000,3,2,145,14.63,-90.51
1100194539,11,125000,1,1,65,14.61,-90.51
1100194466,11,975000,6,6,457,14.61,-90.49
1100194483,10,515000,5,4,455,14.59,-90.50
1100194543,10,420000,4,3,474,14.59,-90.50
1100196786,12,350000,4,4,290,14.59,-90.50
1100196860,10,380000,4,4,266,14.59,-90.50
1100357616,59,194049,2,2,100,14.61,-90.47
1100357615,59,123500,2,2,93,14.61,-90.55
1100357613,59,437960,3,3,208,14.61,-90.49
1100357609,60,121000,2,2,93,14.61,-90.55
1057398945,7,96119,3,1,58,14.64,-90.53
1100092264,15,230000,3,3,153,14.60,-90.50
1100315602,5,450000,2,2,145,14.59,-90.50
1100350879,9,341028,4,3,302,14.61,-90.47
1100357608,62,134300,3,2,102,14.61,-90.55
1100357605,36,50065,1,1,25,14.62,-90.52
1100357604,54,122639,3,2,65,14.64,-90.51
1100357603,54,75679,2,1,36,14.62,-90.52
1100357593,9,160000,2,2,75,14.60,-90.51
1100196557,9,208000,3,2,210,14.64,-90.54
1100120150,10,225000,3,3,230,14.61,-90.47
1057107851,11,150000,1,2,72,14.60,-90.50
1057392825,9,119017,2,1,25,14.66,-90.51
1057392336,8,533000,4,2,25,14.61,-90.47
1057112882,10,335679,3,2,161,14.59,-90.50
1057745383,9,91648,1,1,55,14.60,-90.50
1058955721,9,240000,4,4,325,14.60,-90.52
1058955774,9,370000,4,4,430,14.60,-90.52
1058955813,9,335000,3,3,350,14.60,-90.52
1060670306,9,217982,3,3,270,14.61,-90.47
1100338964,11,575000,4,5,470,14.61,-90.47
1100313540,6,97206,3,2,70,14.64,-90.50
1100352858,6,495000,3,3,455,14.60,-90.50
1100258525,5,1700000,6,5,705,14.61,-90.47
1061215276,13,500000,4,4,276,14.61,-90.47
1061293008,13,675000,3,3,336,14.61,-90.47
1061311798,13,310000,2,2,154,14.61,-90.47
1061411173,13,160000,5,3,240,14.60,-90.52
1061478770,13,156735,1,1,59,14.59,-90.50
1061499419,9,490000,4,1,405,14.61,-90.47
1061817538,9,510000,3,3,500,14.60,-90.52
1061505142,13,855000,4,5,463,14.60,-90.50
1061829597,9,240000,4,5,240,14.61,-90.47
1062101156,9,248704,2,2,95,14.59,-90.50
1063431403,9,185065,2,2,70,14.61,-90.47
1063452426,9,626221,5,2,310,14.61,-90.47
1063948330,9,181773,3,2,76,14.65,-90.54
1100356728,7,420000,3,2,211,14.60,-90.50
1066552147,9,127360,2,2,74,14.60,-90.52
1066641941,9,290000,3,2,400,14.60,-90.52
1067871158,15,395000,4,4,330,14.61,-90.52
1100237653,5,174644,3,2,220,14.61,-90.47
1100222064,5,124000,2,1,85,14.61,-90.47
1100353392,11,128719,5,2,108,14.62,-90.52
1100356718,5,550000,4,3,440,14.61,-90.47
1066644328,9,98318,2,1,25,14.64,-90.51
1100173817,9,280000,2,2,181,14.59,-90.50
1100174010,9,140000,2,1,25,14.61,-90.52
1100177007,9,278250,4,2,25,14.60,-90.50
1100192370,9,231012,3,2,330,14.60,-90.52
1100193731,9,220000,3,2,103,14.60,-90.50
1100193845,9,219223,3,2,109,14.60,-90.50
1100356676,6,360000,3,3,250,14.64,-90.53
1100356542,7,225000,3,2,119,14.60,-90.50
1100356522,5,225000,2,2,127,14.60,-90.50
1100356500,5,272000,2,2,182,14.60,-90.50
1100356486,5,210000,3,2,120,14.60,-90.50
1100356462,5,88292,2,2,65,14.64,-90.51
1100356286,11,255000,3,2,116,14.60,-90.50
1100356073,5,433000,3,2,164,14.59,-90.49
1100063698,18,225000,4,3,250,14.63,-90.51
1100093098,15,129366,4,2,190,14.64,-90.50
1100350684,7,177878,3,4,221,14.60,-90.52
1067359948,6,490000,3,3,250,14.60,-90.51
1100356032,7,240000,3,4,160,14.59,-90.51
1100129907,11,155239,4,3,250,14.64,-90.54
1100355746,6,3081000,3,2,385,14.61,-90.47
1100355094,5,207562,3,2,98,14.59,-90.50
1100355076,5,207562,2,2,98,14.59,-90.50
1100354864,5,1150000,5,7,850,14.60,-90.49
1100354684,5,153700,1,1,89,14.59,-90.50
1100113026,14,500000,8,5,1000,14.64,-90.51
1100354127,10,142000,2,2,105,14.61,-90.51
1100354103,5,76973,3,2,83,14.65,-90.55
1100353440,4,145000,1,2,103,14.63,-90.51
1100184931,11,122898,2,2,88,14.63,-90.51
1100352803,5,220000,2,2,150,14.60,-90.50
1100352516,6,200517,3,2,230,14.63,-90.51
1100352510,6,89909,2,2,67,14.63,-90.51
1100352497,5,35576,3,1,59,14.63,-90.51
1100044917,14,108000,2,2,100,14.63,-90.51
1060012613,8,295000,3,4,214,14.60,-90.54
1100224109,38,495000,3,4,425,14.61,-90.47
1100334125,5,440000,4,5,450,14.61,-90.47
1100352354,6,625000,3,4,530,14.60,-90.50
1100352281,4,215000,3,3,180,14.61,-90.47
1100352155,8,3075000,5,5,1194,14.61,-90.47
1100352054,23,390000,3,4,280,14.59,-90.50
1100351415,4,84088,6,3,165,14.62,-90.50
1100186374,285,273797,2,2,140,14.59,-90.51
1100186368,286,270518,2,2,140,14.59,-90.51
1100186372,285,275983,1,1,140,14.59,-90.51
1100186375,289,176520,1,1,89,14.59,-90.51
1100186370,292,262867,2,2,137,14.59,-90.51
1100186369,287,173241,1,1,89,14.59,-90.51
1100351368,7,150000,3,1,274,14.63,-90.50
1100350601,5,239890,3,1,174,14.59,-90.50
1054269647,12,350000,3,3,382,14.62,-90.52
1061070410,9,525000,3,3,425,14.61,-90.47
1100350470,7,155000,3,2,160,14.60,-90.50
1100060376,18,48512,4,2,195,14.63,-90.51
1100141220,12,135000,1,1,77,14.59,-90.51
1100291315,7,187000,2,2,70,14.59,-90.50
1100340909,7,200000,1,2,200,14.59,-90.49
1100350297,5,84088,2,2,60,14.64,-90.51
1100350269,6,175000,2,2,118,14.59,-90.51
1100350162,5,240000,4,3,250,14.63,-90.48
1100350146,7,145000,3,2,175,14.60,-90.49
1100350048,9,189000,3,2,93,14.59,-90.50
1100349976,12,7762,3,1,59,14.68,-90.48
1100349974,7,255000,4,3,247,14.66,-90.54
1100349934,5,168176,3,3,285,14.64,-90.47
1100349777,9,103493,4,2,160,14.60,-90.53
1100349762,7,235000,3,2,130,14.63,-90.51
1100184286,251,185000,2,2,125,14.59,-90.50
1100184287,250,107555,1,1,51,14.60,-90.51
1100349745,65,250000,3,3,139,14.59,-90.51
1100183919,291,137172,1,1,188,14.59,-90.51
1100183916,290,357411,2,2,225,14.59,-90.51
1100183918,287,198926,2,2,131,14.60,-90.49
1100257472,5,485000,3,3,200,14.63,-90.51
1100208773,7,122898,4,3,200,14.63,-90.56
1100101111,23,185000,3,3,230,14.63,-90.46
1008866216,11,2300000,4,7,1280,14.64,-90.51
1100349744,63,132018,3,1,180,14.65,-90.54
1100183915,290,201112,2,2,131,14.60,-90.49
1100349048,5,350000,3,2,25,14.61,-90.47
1100349039,5,320000,2,2,196,14.60,-90.50
1100348917,4,286000,4,3,280,14.60,-90.48
1003374226,8,195000,3,2,117,14.62,-90.47
1100348585,6,625000,3,4,538,14.60,-90.51
1100348388,6,107374,2,2,86,14.61,-90.47
1100348379,5,420000,2,3,239,14.60,-90.51
1100348359,5,435000,2,3,350,14.60,-90.51
1100348093,5,175000,3,2,103,14.61,-90.47
1100347856,5,235000,3,2,130,14.60,-90.50
1061419569,7,231565,5,5,261,14.61,-90.47
1100347794,71,750000,5,5,650,14.62,-90.47
1100347787,68,181113,3,3,93,14.60,-90.49
1100347786,66,258732,3,3,135,14.60,-90.49
1100256646,5,187581,3,2,223,14.63,-90.51
1064419677,5,362000,4,4,312,14.61,-90.47
1063944826,9,510000,3,5,300,14.60,-90.54
1100269247,5,173480,4,4,338,14.61,-90.47
1100347514,5,115000,3,2,124,14.61,-90.47
1100347354,5,180466,2,1,70,14.61,-90.47
1100346954,5,100259,4,1,263,14.64,-90.54
1100346867,5,70504,3,2,79,14.64,-90.46
1100346598,17,61449,3,2,130,14.63,-90.51
1100346590,6,475000,4,4,430,14.61,-90.47
1100346528,5,89909,2,2,67,14.65,-90.50
905354118,19,38680,2,1,90,14.63,-90.51
1100346458,6,198000,2,2,140,14.60,-90.50
1100346444,6,370000,3,3,212,14.59,-90.50
1100166813,11,225000,3,3,125,14.63,-90.52
1100346205,6,257439,6,3,200,14.63,-90.55
1100346073,6,2846,3,1,122,14.63,-90.53
1100179183,7,24580,2,1,51,14.63,-90.51
1100345854,73,107374,2,2,107,14.61,-90.47
1100345851,73,525000,3,4,319,14.59,-90.49
1100210073,7,97600,3,3,124,14.60,-90.50
1100241524,5,89263,4,1,121,14.59,-90.50
1100057317,14,205000,3,3,120,14.59,-90.50
1100291069,7,195000,4,4,250,14.61,-90.47
1100345849,74,288100,3,3,150,14.59,-90.51
1100345846,73,355600,3,3,183,14.59,-90.51
1100345844,74,255700,2,3,136,14.59,-90.51
1100345418,5,142303,2,2,55,14.63,-90.52
1100345162,5,183959,3,2,110,14.60,-90.50
1100344333,19,336000,4,2,176,14.59,-90.50
1100344224,5,181113,6,2,375,14.64,-90.51
1100344215,6,107374,2,2,86,14.61,-90.47
1100178761,255,90556,4,4,250,14.60,-90.52
1100343792,55,55492,1,1,25,14.62,-90.52
1100343790,76,75725,2,1,36,14.62,-90.52
1100343760,7,750000,6,8,850,14.61,-90.47
1100342469,5,183333,2,2,120,14.60,-90.49
1100342204,9,224500,1,2,200,14.60,-90.50
1100341924,5,350000,4,2,448,14.60,-90.52
1100341876,5,323415,6,4,600,14.66,-90.51
1100300112,7,265000,3,2,174,14.61,-90.47
1066025670,7,147306,2,1,109,14.59,-90.50
1063213805,12,100259,5,2,250,14.62,-90.50
1100245041,7,200000,2,3,136,14.59,-90.50
1100341869,7,185000,3,3,116,14.59,-90.50
1100341866,8,125000,1,1,45,14.59,-90.50
1100341778,5,295000,3,2,201,14.59,-90.51
1100341746,5,295000,3,2,245,14.59,-90.49
1100341333,80,108668,2,2,89,14.64,-90.55
1100341173,5,109961,5,3,120,14.67,-90.50
1100340958,7,425000,3,3,500,14.61,-90.47
1100340766,5,165000,2,2,100,14.59,-90.50
1100340742,5,323415,6,3,640,14.66,-90.51
1100340671,4,275000,3,4,212,14.61,-90.48
1100340621,4,129366,4,2,140,14.62,-90.50
1100340373,5,395000,3,3,372,14.61,-90.47
1100340366,5,320000,4,3,300,14.61,-90.47
1100340191,5,388098,10,3,626,14.61,-90.52
1100340056,5,200000,3,2,95,14.61,-90.49
1100340017,7,220000,2,2,155,14.60,-90.50
1009009430,17,485000,4,4,400,14.60,-90.54
1066107562,36,400000,4,6,370,14.61,-90.47
1100054473,20,195000,5,4,434,14.63,-90.51
1100312234,5,105000,2,2,85,14.63,-90.51
1100339826,120,769728,10,5,778,14.64,-90.51
1100172690,263,187581,2,1,92,14.64,-90.51
1100339003,5,399000,4,5,400,14.61,-90.47
1100338988,5,495000,3,2,455,14.60,-90.50
1100338961,5,132342,3,1,47,14.61,-90.47
1100338649,11,130000,3,3,230,14.60,-90.52
1100338565,5,215000,2,2,115,14.60,-90.50
1100338130,83,390000,3,4,291,14.60,-90.49
1100338128,84,254476,3,3,160,14.64,-90.51
1100338127,84,151061,2,3,98,14.60,-90.49
1100338126,86,377025,3,4,288,14.60,-90.49
1100338124,85,132937,2,3,91,14.60,-90.49
1100338123,84,174683,3,3,118,14.60,-90.49
1100338122,85,612000,2,3,308,14.59,-90.51
1100338121,86,350650,3,4,272,14.60,-90.49
1100169890,262,285000,3,3,254,14.59,-90.50
1059218903,19,178525,3,3,174,14.67,-90.50
1051765251,14,475000,3,4,200,14.61,-90.53
1100169888,263,61000,1,1,26,14.64,-90.51
1100337814,5,350000,2,3,210,14.63,-90.51
1100337565,5,190815,3,2,175,14.66,-90.51
1100337515,25,80854,1,2,52,14.67,-90.51
1100337451,5,144500,3,2,118,14.61,-90.47
1100337433,5,258732,2,2,230,14.61,-90.47
1100336948,5,132342,1,1,47,14.61,-90.47
1100336911,5,155000,3,2,95,14.61,-90.48
1100336568,5,213454,7,5,480,14.64,-90.51
1100336430,85,122734,3,2,77,14.62,-90.52
1100336426,85,75725,2,1,36,14.62,-90.52
1100336394,87,1800000,5,6,850,14.64,-90.51
1100336391,87,145000,5,3,250,14.67,-90.51
1100336027,7,61449,3,2,119,14.64,-90.51
1100335713,7,264554,3,3,210,14.63,-90.51
1100335003,5,95000,1,1,69,14.61,-90.52
1100334548,5,252000,3,2,236,14.61,-90.47
1100309174,7,675000,4,3,640,14.60,-90.49
1100300534,9,670000,4,5,475,14.61,-90.47
1100334495,5,184153,3,2,93,14.59,-90.50
1100334296,11,1300000,5,5,1000,14.60,-90.49
1100334279,6,129366,3,3,220,14.60,-90.49
1100334255,12,950000,5,3,14500,14.60,-90.49
1100334146,5,540000,3,4,312,14.59,-90.49
1100150940,9,168000,1,2,88,14.59,-90.49
1100151019,9,266000,2,3,149,14.59,-90.49
1100334133,5,135834,3,2,95,14.66,-90.54
1100325790,14,135834,4,3,300,14.65,-90.54
1100325225,13,1500000,5,5,750,14.60,-90.51
1100160806,13,550000,3,2,252,14.60,-90.49
1100160685,9,255000,3,2,116,14.61,-90.52
1100160662,9,210000,3,2,120,14.60,-90.50
1100160634,11,77620,2,2,65,14.64,-90.51
1100151751,10,235000,2,2,80,14.60,-90.51
1100151730,10,260000,4,3,280,14.66,-90.51
1100151836,10,120000,2,2,65,14.59,-90.49
1100332956,6,51746,4,2,135,14.63,-90.51
1100332950,4,495000,4,3,415,14.60,-90.50
1100160976,9,200000,3,2,180,14.61,-90.48
1100332760,5,190000,3,2,175,14.66,-90.51
1100332519,5,775000,3,4,350,14.61,-90.49
1042622204,11,285000,2,3,223,14.59,-90.51
1100332107,14,177878,3,2,204,14.64,-90.51
1100331939,6,195000,3,4,220,14.63,-90.52
1063107161,12,475000,4,4,426,14.59,-90.50
1100331292,5,235000,3,2,130,14.60,-90.50
1100331252,9,107374,2,2,107,14.63,-90.51
1100331153,5,263000,3,2,240,14.61,-90.47
1100301380,9,187581,4,2,347,14.61,-90.47
1100154559,11,168176,3,3,175,14.68,-90.48
1100330277,5,215000,4,3,195,14.66,-90.54
1100329992,5,173480,4,3,338,14.63,-90.51
1059726272,5,798000,6,5,664,14.63,-90.55
1100329451,5,420000,2,2,203,14.59,-90.50
1100151479,9,45278,3,1,85,14.63,-90.51
1100329386,5,93144,2,1,67,14.64,-90.51
1100328944,83,715000,4,5,525,14.60,-90.49
1100328943,83,360000,3,3,320,14.66,-90.50
1100328547,6,115783,3,3,130,14.67,-90.51
1100328503,4,103493,3,4,185,14.66,-90.46
1100142554,9,270000,3,2,136,14.60,-90.49
1100141522,11,270000,3,2,170,14.60,-90.50
1100135496,9,167529,3,2,245,14.60,-90.52
1100126319,9,95084,3,2,91,14.65,-90.54
1100142555,11,122898,4,2,150,14.63,-90.51
1100149989,15,129366,4,2,247,14.64,-90.51
1100328111,5,143182,2,2,66,14.60,-90.50
1100114015,45,184000,2,3,160,14.62,-90.47
1100327800,9,103493,4,3,160,14.64,-90.46
1100327588,89,271923,3,3,149,14.59,-90.51
1100327586,89,295000,3,4,247,14.59,-90.51
1100327585,90,201815,2,3,114,14.59,-90.51
1100327527,4,325000,4,4,250,14.60,-90.47
1100327393,7,285000,3,3,202,14.59,-90.50
1100269563,11,200000,3,3,200,14.61,-90.47
1059753989,25,165589,2,2,170,14.61,-90.47
1100294702,16,144000,3,2,95,14.61,-90.47
1100327036,7,255000,3,3,215,14.60,-90.49
1100327031,5,185000,2,2,83,14.60,-90.50
1100326977,5,790000,3,2,350,14.61,-90.47
1100326765,6,450000,3,3,300,14.60,-90.49
1100142091,9,280000,3,3,190,14.61,-90.52
1100326575,5,215000,3,3,220,14.61,-90.47
1100132724,9,220000,3,3,175,14.59,-90.51
1100326335,5,97635,1,1,71,14.59,-90.50
1100326303,5,171003,3,2,123,14.59,-90.50
1100011565,29,115000,2,1,84,14.66,-90.54
1100326165,7,155239,3,2,240,14.61,-90.47
1100326135,91,250000,3,2,274,14.60,-90.49
1050408060,16,185000,3,2,167,14.63,-90.46
1100325943,5,200000,3,3,225,14.63,-90.51
1100325935,5,300000,2,3,230,14.63,-90.51
1100325751,5,190815,3,2,175,14.66,-90.51
1100325714,5,180000,2,2,110,14.60,-90.50
1100325606,5,225000,3,2,190,14.59,-90.50
1100325199,9,1400000,6,5,500,14.61,-90.47
1100325149,10,470000,5,4,400,14.59,-90.50
1100138453,9,164166,2,2,129,14.60,-90.49